{"cameraMode":{"drawMode":0,"name":"Shaded","section":"Shading Mode"},"sceneLighting":true,"audioPlay":false,"sceneViewState":{"showFog":true,"showMaterialUpdate":false,"showSkybox":true,"showFlares":true,"showImageEffects":true,"showParticleSystems":true},"in2DMode":false,"pivot":{"x":1.3778879642486573,"y":-0.16283750534057618,"z":0.3151729106903076},"rotation":{"x":0.19258582592010499,"y":0.37751534581184389,"z":-0.08058208227157593,"w":0.9021774530410767},"size":3.6073946952819826,"orthographic":false}